Sede;Facultad;Grado;Sexo;Periodo;Matriculados
Bogotá;Artes;Posgrado;Hombres;2009-1;336
Bogotá;Artes;Posgrado;Hombres;2009-2;326
Bogotá;Artes;Posgrado;Hombres;2010-1;326
Bogotá;Artes;Posgrado;Hombres;2010-2;328
Bogotá;Artes;Posgrado;Hombres;2011-1;333
Bogotá;Artes;Posgrado;Hombres;2011-2;320
Bogotá;Artes;Posgrado;Hombres;2012-1;349
Bogotá;Artes;Posgrado;Hombres;2012-2;325
Bogotá;Artes;Posgrado;Hombres;2013-1;371
Bogotá;Artes;Posgrado;Hombres;2013-2;370
Bogotá;Artes;Posgrado;Hombres;2014-1;418
Bogotá;Artes;Posgrado;Hombres;2014-2;408
Bogotá;Artes;Posgrado;Hombres;2015-1;426
Bogotá;Artes;Posgrado;Hombres;2015-2;367
Bogotá;Artes;Posgrado;Hombres;2016-1;434
Bogotá;Artes;Posgrado;Hombres;2016-2;368
Bogotá;Artes;Posgrado;Hombres;2017-1;406
Bogotá;Artes;Posgrado;Hombres;2017-2;373
Bogotá;Artes;Posgrado;Hombres;2018-1;398
Bogotá;Artes;Posgrado;Hombres;2018-2;356
Bogotá;Artes;Posgrado;Hombres;2019-1;348
Bogotá;Artes;Posgrado;Hombres;2019-2;365
Bogotá;Artes;Posgrado;Hombres;2020-1;318
Bogotá;Artes;Posgrado;Hombres;2020-2;340
Bogotá;Artes;Posgrado;Mujeres;2009-1;219
Bogotá;Artes;Posgrado;Mujeres;2009-2;239
Bogotá;Artes;Posgrado;Mujeres;2010-1;230
Bogotá;Artes;Posgrado;Mujeres;2010-2;231
Bogotá;Artes;Posgrado;Mujeres;2011-1;253
Bogotá;Artes;Posgrado;Mujeres;2011-2;243
Bogotá;Artes;Posgrado;Mujeres;2012-1;239
Bogotá;Artes;Posgrado;Mujeres;2012-2;229
Bogotá;Artes;Posgrado;Mujeres;2013-1;248
Bogotá;Artes;Posgrado;Mujeres;2013-2;238
Bogotá;Artes;Posgrado;Mujeres;2014-1;250
Bogotá;Artes;Posgrado;Mujeres;2014-2;241
Bogotá;Artes;Posgrado;Mujeres;2015-1;240
Bogotá;Artes;Posgrado;Mujeres;2015-2;223
Bogotá;Artes;Posgrado;Mujeres;2016-1;280
Bogotá;Artes;Posgrado;Mujeres;2016-2;252
Bogotá;Artes;Posgrado;Mujeres;2017-1;256
Bogotá;Artes;Posgrado;Mujeres;2017-2;262
Bogotá;Artes;Posgrado;Mujeres;2018-1;279
Bogotá;Artes;Posgrado;Mujeres;2018-2;265
Bogotá;Artes;Posgrado;Mujeres;2019-1;251
Bogotá;Artes;Posgrado;Mujeres;2019-2;269
Bogotá;Artes;Posgrado;Mujeres;2020-1;238
Bogotá;Artes;Posgrado;Mujeres;2020-2;252
Bogotá;Artes;Pregrado;Hombres;2009-1;1470
Bogotá;Artes;Pregrado;Hombres;2009-2;1498
Bogotá;Artes;Pregrado;Hombres;2010-1;1540
Bogotá;Artes;Pregrado;Hombres;2010-2;1525
Bogotá;Artes;Pregrado;Hombres;2011-1;1586
Bogotá;Artes;Pregrado;Hombres;2011-2;1590
Bogotá;Artes;Pregrado;Hombres;2012-1;1582
Bogotá;Artes;Pregrado;Hombres;2012-2;1568
Bogotá;Artes;Pregrado;Hombres;2013-1;1616
Bogotá;Artes;Pregrado;Hombres;2013-2;1544
Bogotá;Artes;Pregrado;Hombres;2014-1;1549
Bogotá;Artes;Pregrado;Hombres;2014-2;1601
Bogotá;Artes;Pregrado;Hombres;2015-1;1639
Bogotá;Artes;Pregrado;Hombres;2015-2;1644
Bogotá;Artes;Pregrado;Hombres;2016-1;1638
Bogotá;Artes;Pregrado;Hombres;2016-2;1622
Bogotá;Artes;Pregrado;Hombres;2017-1;1646
Bogotá;Artes;Pregrado;Hombres;2017-2;1609
Bogotá;Artes;Pregrado;Hombres;2018-1;1581
Bogotá;Artes;Pregrado;Hombres;2018-2;1579
Bogotá;Artes;Pregrado;Hombres;2019-1;1547
Bogotá;Artes;Pregrado;Hombres;2019-2;1559
Bogotá;Artes;Pregrado;Hombres;2020-1;1503
Bogotá;Artes;Pregrado;Hombres;2020-2;1429
Bogotá;Artes;Pregrado;Mujeres;2009-1;724
Bogotá;Artes;Pregrado;Mujeres;2009-2;722
Bogotá;Artes;Pregrado;Mujeres;2010-1;732
Bogotá;Artes;Pregrado;Mujeres;2010-2;720
Bogotá;Artes;Pregrado;Mujeres;2011-1;729
Bogotá;Artes;Pregrado;Mujeres;2011-2;719
Bogotá;Artes;Pregrado;Mujeres;2012-1;720
Bogotá;Artes;Pregrado;Mujeres;2012-2;711
Bogotá;Artes;Pregrado;Mujeres;2013-1;732
Bogotá;Artes;Pregrado;Mujeres;2013-2;731
Bogotá;Artes;Pregrado;Mujeres;2014-1;745
Bogotá;Artes;Pregrado;Mujeres;2014-2;744
Bogotá;Artes;Pregrado;Mujeres;2015-1;748
Bogotá;Artes;Pregrado;Mujeres;2015-2;759
Bogotá;Artes;Pregrado;Mujeres;2016-1;766
Bogotá;Artes;Pregrado;Mujeres;2016-2;772
Bogotá;Artes;Pregrado;Mujeres;2017-1;793
Bogotá;Artes;Pregrado;Mujeres;2017-2;805
Bogotá;Artes;Pregrado;Mujeres;2018-1;841
Bogotá;Artes;Pregrado;Mujeres;2018-2;856
Bogotá;Artes;Pregrado;Mujeres;2019-1;888
Bogotá;Artes;Pregrado;Mujeres;2019-2;905
Bogotá;Artes;Pregrado;Mujeres;2020-1;904
Bogotá;Artes;Pregrado;Mujeres;2020-2;914
Bogotá;C. Agrarias;Posgrado;Hombres;2009-1;81
Bogotá;C. Agrarias;Posgrado;Hombres;2009-2;69
Bogotá;C. Agrarias;Posgrado;Hombres;2010-1;89
Bogotá;C. Agrarias;Posgrado;Hombres;2010-2;85
Bogotá;C. Agrarias;Posgrado;Hombres;2011-1;132
Bogotá;C. Agrarias;Posgrado;Hombres;2011-2;101
Bogotá;C. Agrarias;Posgrado;Hombres;2012-1;97
Bogotá;C. Agrarias;Posgrado;Hombres;2012-2;88
Bogotá;C. Agrarias;Posgrado;Hombres;2013-1;138
Bogotá;C. Agrarias;Posgrado;Hombres;2013-2;113
Bogotá;C. Agrarias;Posgrado;Hombres;2014-1;112
Bogotá;C. Agrarias;Posgrado;Hombres;2014-2;116
Bogotá;C. Agrarias;Posgrado;Hombres;2015-1;116
Bogotá;C. Agrarias;Posgrado;Hombres;2015-2;119
Bogotá;C. Agrarias;Posgrado;Hombres;2016-1;122
Bogotá;C. Agrarias;Posgrado;Hombres;2016-2;96
Bogotá;C. Agrarias;Posgrado;Hombres;2017-1;99
Bogotá;C. Agrarias;Posgrado;Hombres;2017-2;103
Bogotá;C. Agrarias;Posgrado;Hombres;2018-1;90
Bogotá;C. Agrarias;Posgrado;Hombres;2018-2;71
Bogotá;C. Agrarias;Posgrado;Hombres;2019-1;109
Bogotá;C. Agrarias;Posgrado;Hombres;2019-2;87
Bogotá;C. Agrarias;Posgrado;Hombres;2020-1;91
Bogotá;C. Agrarias;Posgrado;Hombres;2020-2;86
Bogotá;C. Agrarias;Posgrado;Mujeres;2009-1;67
Bogotá;C. Agrarias;Posgrado;Mujeres;2009-2;64
Bogotá;C. Agrarias;Posgrado;Mujeres;2010-1;84
Bogotá;C. Agrarias;Posgrado;Mujeres;2010-2;76
Bogotá;C. Agrarias;Posgrado;Mujeres;2011-1;100
Bogotá;C. Agrarias;Posgrado;Mujeres;2011-2;78
Bogotá;C. Agrarias;Posgrado;Mujeres;2012-1;68
Bogotá;C. Agrarias;Posgrado;Mujeres;2012-2;49
Bogotá;C. Agrarias;Posgrado;Mujeres;2013-1;96
Bogotá;C. Agrarias;Posgrado;Mujeres;2013-2;88
Bogotá;C. Agrarias;Posgrado;Mujeres;2014-1;97
Bogotá;C. Agrarias;Posgrado;Mujeres;2014-2;92
Bogotá;C. Agrarias;Posgrado;Mujeres;2015-1;114
Bogotá;C. Agrarias;Posgrado;Mujeres;2015-2;109
Bogotá;C. Agrarias;Posgrado;Mujeres;2016-1;119
Bogotá;C. Agrarias;Posgrado;Mujeres;2016-2;99
Bogotá;C. Agrarias;Posgrado;Mujeres;2017-1;108
Bogotá;C. Agrarias;Posgrado;Mujeres;2017-2;100
Bogotá;C. Agrarias;Posgrado;Mujeres;2018-1;68
Bogotá;C. Agrarias;Posgrado;Mujeres;2018-2;64
Bogotá;C. Agrarias;Posgrado;Mujeres;2019-1;130
Bogotá;C. Agrarias;Posgrado;Mujeres;2019-2;109
Bogotá;C. Agrarias;Posgrado;Mujeres;2020-1;101
Bogotá;C. Agrarias;Posgrado;Mujeres;2020-2;83
Bogotá;C. Agrarias;Pregrado;Hombres;2009-1;381
Bogotá;C. Agrarias;Pregrado;Hombres;2009-2;393
Bogotá;C. Agrarias;Pregrado;Hombres;2010-1;395
Bogotá;C. Agrarias;Pregrado;Hombres;2010-2;398
Bogotá;C. Agrarias;Pregrado;Hombres;2011-1;398
Bogotá;C. Agrarias;Pregrado;Hombres;2011-2;408
Bogotá;C. Agrarias;Pregrado;Hombres;2012-1;436
Bogotá;C. Agrarias;Pregrado;Hombres;2012-2;448
Bogotá;C. Agrarias;Pregrado;Hombres;2013-1;472
Bogotá;C. Agrarias;Pregrado;Hombres;2013-2;445
Bogotá;C. Agrarias;Pregrado;Hombres;2014-1;446
Bogotá;C. Agrarias;Pregrado;Hombres;2014-2;443
Bogotá;C. Agrarias;Pregrado;Hombres;2015-1;438
Bogotá;C. Agrarias;Pregrado;Hombres;2015-2;445
Bogotá;C. Agrarias;Pregrado;Hombres;2016-1;412
Bogotá;C. Agrarias;Pregrado;Hombres;2016-2;436
Bogotá;C. Agrarias;Pregrado;Hombres;2017-1;449
Bogotá;C. Agrarias;Pregrado;Hombres;2017-2;435
Bogotá;C. Agrarias;Pregrado;Hombres;2018-1;455
Bogotá;C. Agrarias;Pregrado;Hombres;2018-2;435
Bogotá;C. Agrarias;Pregrado;Hombres;2019-1;445
Bogotá;C. Agrarias;Pregrado;Hombres;2019-2;451
Bogotá;C. Agrarias;Pregrado;Hombres;2020-1;460
Bogotá;C. Agrarias;Pregrado;Hombres;2020-2;462
Bogotá;C. Agrarias;Pregrado;Mujeres;2009-1;201
Bogotá;C. Agrarias;Pregrado;Mujeres;2009-2;199
Bogotá;C. Agrarias;Pregrado;Mujeres;2010-1;186
Bogotá;C. Agrarias;Pregrado;Mujeres;2010-2;190
Bogotá;C. Agrarias;Pregrado;Mujeres;2011-1;171
Bogotá;C. Agrarias;Pregrado;Mujeres;2011-2;189
Bogotá;C. Agrarias;Pregrado;Mujeres;2012-1;197
Bogotá;C. Agrarias;Pregrado;Mujeres;2012-2;209
Bogotá;C. Agrarias;Pregrado;Mujeres;2013-1;206
Bogotá;C. Agrarias;Pregrado;Mujeres;2013-2;210
Bogotá;C. Agrarias;Pregrado;Mujeres;2014-1;206
Bogotá;C. Agrarias;Pregrado;Mujeres;2014-2;203
Bogotá;C. Agrarias;Pregrado;Mujeres;2015-1;198
Bogotá;C. Agrarias;Pregrado;Mujeres;2015-2;189
Bogotá;C. Agrarias;Pregrado;Mujeres;2016-1;196
Bogotá;C. Agrarias;Pregrado;Mujeres;2016-2;222
Bogotá;C. Agrarias;Pregrado;Mujeres;2017-1;234
Bogotá;C. Agrarias;Pregrado;Mujeres;2017-2;245
Bogotá;C. Agrarias;Pregrado;Mujeres;2018-1;234
Bogotá;C. Agrarias;Pregrado;Mujeres;2018-2;243
Bogotá;C. Agrarias;Pregrado;Mujeres;2019-1;234
Bogotá;C. Agrarias;Pregrado;Mujeres;2019-2;244
Bogotá;C. Agrarias;Pregrado;Mujeres;2020-1;250
Bogotá;C. Agrarias;Pregrado;Mujeres;2020-2;272
Bogotá;C. Económicas;Posgrado;Hombres;2009-1;261
Bogotá;C. Económicas;Posgrado;Hombres;2009-2;279
Bogotá;C. Económicas;Posgrado;Hombres;2010-1;320
Bogotá;C. Económicas;Posgrado;Hombres;2010-2;276
Bogotá;C. Económicas;Posgrado;Hombres;2011-1;311
Bogotá;C. Económicas;Posgrado;Hombres;2011-2;297
Bogotá;C. Económicas;Posgrado;Hombres;2012-1;305
Bogotá;C. Económicas;Posgrado;Hombres;2012-2;285
Bogotá;C. Económicas;Posgrado;Hombres;2013-1;263
Bogotá;C. Económicas;Posgrado;Hombres;2013-2;243
Bogotá;C. Económicas;Posgrado;Hombres;2014-1;239
Bogotá;C. Económicas;Posgrado;Hombres;2014-2;252
Bogotá;C. Económicas;Posgrado;Hombres;2015-1;233
Bogotá;C. Económicas;Posgrado;Hombres;2015-2;219
Bogotá;C. Económicas;Posgrado;Hombres;2016-1;198
Bogotá;C. Económicas;Posgrado;Hombres;2016-2;185
Bogotá;C. Económicas;Posgrado;Hombres;2017-1;190
Bogotá;C. Económicas;Posgrado;Hombres;2017-2;212
Bogotá;C. Económicas;Posgrado;Hombres;2018-1;236
Bogotá;C. Económicas;Posgrado;Hombres;2018-2;244
Bogotá;C. Económicas;Posgrado;Hombres;2019-1;221
Bogotá;C. Económicas;Posgrado;Hombres;2019-2;235
Bogotá;C. Económicas;Posgrado;Hombres;2020-1;231
Bogotá;C. Económicas;Posgrado;Hombres;2020-2;228
Bogotá;C. Económicas;Posgrado;Mujeres;2009-1;166
Bogotá;C. Económicas;Posgrado;Mujeres;2009-2;183
Bogotá;C. Económicas;Posgrado;Mujeres;2010-1;207
Bogotá;C. Económicas;Posgrado;Mujeres;2010-2;200
Bogotá;C. Económicas;Posgrado;Mujeres;2011-1;211
Bogotá;C. Económicas;Posgrado;Mujeres;2011-2;201
Bogotá;C. Económicas;Posgrado;Mujeres;2012-1;202
Bogotá;C. Económicas;Posgrado;Mujeres;2012-2;190
Bogotá;C. Económicas;Posgrado;Mujeres;2013-1;197
Bogotá;C. Económicas;Posgrado;Mujeres;2013-2;173
Bogotá;C. Económicas;Posgrado;Mujeres;2014-1;166
Bogotá;C. Económicas;Posgrado;Mujeres;2014-2;171
Bogotá;C. Económicas;Posgrado;Mujeres;2015-1;171
Bogotá;C. Económicas;Posgrado;Mujeres;2015-2;175
Bogotá;C. Económicas;Posgrado;Mujeres;2016-1;147
Bogotá;C. Económicas;Posgrado;Mujeres;2016-2;129
Bogotá;C. Económicas;Posgrado;Mujeres;2017-1;149
Bogotá;C. Económicas;Posgrado;Mujeres;2017-2;178
Bogotá;C. Económicas;Posgrado;Mujeres;2018-1;192
Bogotá;C. Económicas;Posgrado;Mujeres;2018-2;185
Bogotá;C. Económicas;Posgrado;Mujeres;2019-1;180
Bogotá;C. Económicas;Posgrado;Mujeres;2019-2;193
Bogotá;C. Económicas;Posgrado;Mujeres;2020-1;161
Bogotá;C. Económicas;Posgrado;Mujeres;2020-2;167
Bogotá;C. Económicas;Pregrado;Hombres;2009-1;1184
Bogotá;C. Económicas;Pregrado;Hombres;2009-2;1180
Bogotá;C. Económicas;Pregrado;Hombres;2010-1;1144
Bogotá;C. Económicas;Pregrado;Hombres;2010-2;1141
Bogotá;C. Económicas;Pregrado;Hombres;2011-1;1153
Bogotá;C. Económicas;Pregrado;Hombres;2011-2;1110
Bogotá;C. Económicas;Pregrado;Hombres;2012-1;1137
Bogotá;C. Económicas;Pregrado;Hombres;2012-2;1158
Bogotá;C. Económicas;Pregrado;Hombres;2013-1;1213
Bogotá;C. Económicas;Pregrado;Hombres;2013-2;1262
Bogotá;C. Económicas;Pregrado;Hombres;2014-1;1273
Bogotá;C. Económicas;Pregrado;Hombres;2014-2;1306
Bogotá;C. Económicas;Pregrado;Hombres;2015-1;1312
Bogotá;C. Económicas;Pregrado;Hombres;2015-2;1356
Bogotá;C. Económicas;Pregrado;Hombres;2016-1;1343
Bogotá;C. Económicas;Pregrado;Hombres;2016-2;1346
Bogotá;C. Económicas;Pregrado;Hombres;2017-1;1323
Bogotá;C. Económicas;Pregrado;Hombres;2017-2;1417
Bogotá;C. Económicas;Pregrado;Hombres;2018-1;1496
Bogotá;C. Económicas;Pregrado;Hombres;2018-2;1543
Bogotá;C. Económicas;Pregrado;Hombres;2019-1;1613
Bogotá;C. Económicas;Pregrado;Hombres;2019-2;1697
Bogotá;C. Económicas;Pregrado;Hombres;2020-1;1687
Bogotá;C. Económicas;Pregrado;Hombres;2020-2;1721
Bogotá;C. Económicas;Pregrado;Mujeres;2009-1;827
Bogotá;C. Económicas;Pregrado;Mujeres;2009-2;791
Bogotá;C. Económicas;Pregrado;Mujeres;2010-1;763
Bogotá;C. Económicas;Pregrado;Mujeres;2010-2;711
Bogotá;C. Económicas;Pregrado;Mujeres;2011-1;696
Bogotá;C. Económicas;Pregrado;Mujeres;2011-2;680
Bogotá;C. Económicas;Pregrado;Mujeres;2012-1;681
Bogotá;C. Económicas;Pregrado;Mujeres;2012-2;708
Bogotá;C. Económicas;Pregrado;Mujeres;2013-1;743
Bogotá;C. Económicas;Pregrado;Mujeres;2013-2;744
Bogotá;C. Económicas;Pregrado;Mujeres;2014-1;741
Bogotá;C. Económicas;Pregrado;Mujeres;2014-2;739
Bogotá;C. Económicas;Pregrado;Mujeres;2015-1;725
Bogotá;C. Económicas;Pregrado;Mujeres;2015-2;710
Bogotá;C. Económicas;Pregrado;Mujeres;2016-1;688
Bogotá;C. Económicas;Pregrado;Mujeres;2016-2;673
Bogotá;C. Económicas;Pregrado;Mujeres;2017-1;669
Bogotá;C. Económicas;Pregrado;Mujeres;2017-2;668
Bogotá;C. Económicas;Pregrado;Mujeres;2018-1;691
Bogotá;C. Económicas;Pregrado;Mujeres;2018-2;706
Bogotá;C. Económicas;Pregrado;Mujeres;2019-1;730
Bogotá;C. Económicas;Pregrado;Mujeres;2019-2;771
Bogotá;C. Económicas;Pregrado;Mujeres;2020-1;785
Bogotá;C. Económicas;Pregrado;Mujeres;2020-2;840
Bogotá;C. Humanas;Posgrado;Hombres;2009-1;266
Bogotá;C. Humanas;Posgrado;Hombres;2009-2;292
Bogotá;C. Humanas;Posgrado;Hombres;2010-1;291
Bogotá;C. Humanas;Posgrado;Hombres;2010-2;305
Bogotá;C. Humanas;Posgrado;Hombres;2011-1;292
Bogotá;C. Humanas;Posgrado;Hombres;2011-2;302
Bogotá;C. Humanas;Posgrado;Hombres;2012-1;306
Bogotá;C. Humanas;Posgrado;Hombres;2012-2;363
Bogotá;C. Humanas;Posgrado;Hombres;2013-1;334
Bogotá;C. Humanas;Posgrado;Hombres;2013-2;350
Bogotá;C. Humanas;Posgrado;Hombres;2014-1;365
Bogotá;C. Humanas;Posgrado;Hombres;2014-2;370
Bogotá;C. Humanas;Posgrado;Hombres;2015-1;349
Bogotá;C. Humanas;Posgrado;Hombres;2015-2;369
Bogotá;C. Humanas;Posgrado;Hombres;2016-1;383
Bogotá;C. Humanas;Posgrado;Hombres;2016-2;395
Bogotá;C. Humanas;Posgrado;Hombres;2017-1;364
Bogotá;C. Humanas;Posgrado;Hombres;2017-2;383
Bogotá;C. Humanas;Posgrado;Hombres;2018-1;384
Bogotá;C. Humanas;Posgrado;Hombres;2018-2;373
Bogotá;C. Humanas;Posgrado;Hombres;2019-1;334
Bogotá;C. Humanas;Posgrado;Hombres;2019-2;350
Bogotá;C. Humanas;Posgrado;Hombres;2020-1;308
Bogotá;C. Humanas;Posgrado;Hombres;2020-2;300
Bogotá;C. Humanas;Posgrado;Mujeres;2009-1;293
Bogotá;C. Humanas;Posgrado;Mujeres;2009-2;372
Bogotá;C. Humanas;Posgrado;Mujeres;2010-1;340
Bogotá;C. Humanas;Posgrado;Mujeres;2010-2;365
Bogotá;C. Humanas;Posgrado;Mujeres;2011-1;350
Bogotá;C. Humanas;Posgrado;Mujeres;2011-2;327
Bogotá;C. Humanas;Posgrado;Mujeres;2012-1;376
Bogotá;C. Humanas;Posgrado;Mujeres;2012-2;353
Bogotá;C. Humanas;Posgrado;Mujeres;2013-1;370
Bogotá;C. Humanas;Posgrado;Mujeres;2013-2;417
Bogotá;C. Humanas;Posgrado;Mujeres;2014-1;453
Bogotá;C. Humanas;Posgrado;Mujeres;2014-2;439
Bogotá;C. Humanas;Posgrado;Mujeres;2015-1;384
Bogotá;C. Humanas;Posgrado;Mujeres;2015-2;455
Bogotá;C. Humanas;Posgrado;Mujeres;2016-1;441
Bogotá;C. Humanas;Posgrado;Mujeres;2016-2;412
Bogotá;C. Humanas;Posgrado;Mujeres;2017-1;424
Bogotá;C. Humanas;Posgrado;Mujeres;2017-2;437
Bogotá;C. Humanas;Posgrado;Mujeres;2018-1;433
Bogotá;C. Humanas;Posgrado;Mujeres;2018-2;361
Bogotá;C. Humanas;Posgrado;Mujeres;2019-1;335
Bogotá;C. Humanas;Posgrado;Mujeres;2019-2;307
Bogotá;C. Humanas;Posgrado;Mujeres;2020-1;260
Bogotá;C. Humanas;Posgrado;Mujeres;2020-2;296
Bogotá;C. Humanas;Pregrado;Hombres;2009-1;1955
Bogotá;C. Humanas;Pregrado;Hombres;2009-2;1907
Bogotá;C. Humanas;Pregrado;Hombres;2010-1;1972
Bogotá;C. Humanas;Pregrado;Hombres;2010-2;1917
Bogotá;C. Humanas;Pregrado;Hombres;2011-1;2025
Bogotá;C. Humanas;Pregrado;Hombres;2011-2;2019
Bogotá;C. Humanas;Pregrado;Hombres;2012-1;2075
Bogotá;C. Humanas;Pregrado;Hombres;2012-2;2123
Bogotá;C. Humanas;Pregrado;Hombres;2013-1;2220
Bogotá;C. Humanas;Pregrado;Hombres;2013-2;2290
Bogotá;C. Humanas;Pregrado;Hombres;2014-1;2344
Bogotá;C. Humanas;Pregrado;Hombres;2014-2;2382
Bogotá;C. Humanas;Pregrado;Hombres;2015-1;2452
Bogotá;C. Humanas;Pregrado;Hombres;2015-2;2466
Bogotá;C. Humanas;Pregrado;Hombres;2016-1;2485
Bogotá;C. Humanas;Pregrado;Hombres;2016-2;2471
Bogotá;C. Humanas;Pregrado;Hombres;2017-1;2483
Bogotá;C. Humanas;Pregrado;Hombres;2017-2;2451
Bogotá;C. Humanas;Pregrado;Hombres;2018-1;2448
Bogotá;C. Humanas;Pregrado;Hombres;2018-2;2351
Bogotá;C. Humanas;Pregrado;Hombres;2019-1;2319
Bogotá;C. Humanas;Pregrado;Hombres;2019-2;2266
Bogotá;C. Humanas;Pregrado;Hombres;2020-1;2268
Bogotá;C. Humanas;Pregrado;Hombres;2020-2;2157
Bogotá;C. Humanas;Pregrado;Mujeres;2009-1;1735
Bogotá;C. Humanas;Pregrado;Mujeres;2009-2;1708
Bogotá;C. Humanas;Pregrado;Mujeres;2010-1;1657
Bogotá;C. Humanas;Pregrado;Mujeres;2010-2;1637
Bogotá;C. Humanas;Pregrado;Mujeres;2011-1;1652
Bogotá;C. Humanas;Pregrado;Mujeres;2011-2;1653
Bogotá;C. Humanas;Pregrado;Mujeres;2012-1;1739
Bogotá;C. Humanas;Pregrado;Mujeres;2012-2;1737
Bogotá;C. Humanas;Pregrado;Mujeres;2013-1;1781
Bogotá;C. Humanas;Pregrado;Mujeres;2013-2;1741
Bogotá;C. Humanas;Pregrado;Mujeres;2014-1;1752
Bogotá;C. Humanas;Pregrado;Mujeres;2014-2;1749
Bogotá;C. Humanas;Pregrado;Mujeres;2015-1;1724
Bogotá;C. Humanas;Pregrado;Mujeres;2015-2;1740
Bogotá;C. Humanas;Pregrado;Mujeres;2016-1;1759
Bogotá;C. Humanas;Pregrado;Mujeres;2016-2;1782
Bogotá;C. Humanas;Pregrado;Mujeres;2017-1;1770
Bogotá;C. Humanas;Pregrado;Mujeres;2017-2;1744
Bogotá;C. Humanas;Pregrado;Mujeres;2018-1;1829
Bogotá;C. Humanas;Pregrado;Mujeres;2018-2;1811
Bogotá;C. Humanas;Pregrado;Mujeres;2019-1;1839
Bogotá;C. Humanas;Pregrado;Mujeres;2019-2;1853
Bogotá;C.  Humanas;Pregrado;Mujeres;2020-1;1914
Bogotá;C.  Humanas;Pregrado;Mujeres;2020-2;1922
Bogotá;Ciencias;Posgrado;Hombres;2009-1;533
Bogotá;Ciencias;Posgrado;Hombres;2009-2;610
Bogotá;Ciencias;Posgrado;Hombres;2010-1;778
Bogotá;Ciencias;Posgrado;Hombres;2010-2;796
Bogotá;Ciencias;Posgrado;Hombres;2011-1;862
Bogotá;Ciencias;Posgrado;Hombres;2011-2;829
Bogotá;Ciencias;Posgrado;Hombres;2012-1;832
Bogotá;Ciencias;Posgrado;Hombres;2012-2;777
Bogotá;Ciencias;Posgrado;Hombres;2013-1;802
Bogotá;Ciencias;Posgrado;Hombres;2013-2;762
Bogotá;Ciencias;Posgrado;Hombres;2014-1;765
Bogotá;Ciencias;Posgrado;Hombres;2014-2;769
Bogotá;Ciencias;Posgrado;Hombres;2015-1;775
Bogotá;Ciencias;Posgrado;Hombres;2015-2;809
Bogotá;Ciencias;Posgrado;Hombres;2016-1;762
Bogotá;Ciencias;Posgrado;Hombres;2016-2;769
Bogotá;Ciencias;Posgrado;Hombres;2017-1;735
Bogotá;Ciencias;Posgrado;Hombres;2017-2;728
Bogotá;Ciencias;Posgrado;Hombres;2018-1;732
Bogotá;Ciencias;Posgrado;Hombres;2018-2;731
Bogotá;Ciencias;Posgrado;Hombres;2019-1;621
Bogotá;Ciencias;Posgrado;Hombres;2019-2;679
Bogotá;Ciencias;Posgrado;Hombres;2020-1;508
Bogotá;Ciencias;Posgrado;Hombres;2020-2;592
Bogotá;Ciencias;Posgrado;Mujeres;2009-1;411
Bogotá;Ciencias;Posgrado;Mujeres;2009-2;441
Bogotá;Ciencias;Posgrado;Mujeres;2010-1;577
Bogotá;Ciencias;Posgrado;Mujeres;2010-2;560
Bogotá;Ciencias;Posgrado;Mujeres;2011-1;653
Bogotá;Ciencias;Posgrado;Mujeres;2011-2;606
Bogotá;Ciencias;Posgrado;Mujeres;2012-1;596
Bogotá;Ciencias;Posgrado;Mujeres;2012-2;517
Bogotá;Ciencias;Posgrado;Mujeres;2013-1;502
Bogotá;Ciencias;Posgrado;Mujeres;2013-2;455
Bogotá;Ciencias;Posgrado;Mujeres;2014-1;484
Bogotá;Ciencias;Posgrado;Mujeres;2014-2;467
Bogotá;Ciencias;Posgrado;Mujeres;2015-1;491
Bogotá;Ciencias;Posgrado;Mujeres;2015-2;501
Bogotá;Ciencias;Posgrado;Mujeres;2016-1;518
Bogotá;Ciencias;Posgrado;Mujeres;2016-2;484
Bogotá;Ciencias;Posgrado;Mujeres;2017-1;460
Bogotá;Ciencias;Posgrado;Mujeres;2017-2;444
Bogotá;Ciencias;Posgrado;Mujeres;2018-1;526
Bogotá;Ciencias;Posgrado;Mujeres;2018-2;522
Bogotá;Ciencias;Posgrado;Mujeres;2019-1;413
Bogotá;Ciencias;Posgrado;Mujeres;2019-2;420
Bogotá;Ciencias;Posgrado;Mujeres;2020-1;324
Bogotá;Ciencias;Posgrado;Mujeres;2020-2;347
Bogotá;Ciencias;Pregrado;Hombres;2009-1;1546
Bogotá;Ciencias;Pregrado;Hombres;2009-2;1559
Bogotá;Ciencias;Pregrado;Hombres;2010-1;1676
Bogotá;Ciencias;Pregrado;Hombres;2010-2;1768
Bogotá;Ciencias;Pregrado;Hombres;2011-1;1826
Bogotá;Ciencias;Pregrado;Hombres;2011-2;1854
Bogotá;Ciencias;Pregrado;Hombres;2012-1;1950
Bogotá;Ciencias;Pregrado;Hombres;2012-2;1982
Bogotá;Ciencias;Pregrado;Hombres;2013-1;2049
Bogotá;Ciencias;Pregrado;Hombres;2013-2;2063
Bogotá;Ciencias;Pregrado;Hombres;2014-1;2078
Bogotá;Ciencias;Pregrado;Hombres;2014-2;2110
Bogotá;Ciencias;Pregrado;Hombres;2015-1;2121
Bogotá;Ciencias;Pregrado;Hombres;2015-2;2167
Bogotá;Ciencias;Pregrado;Hombres;2016-1;2159
Bogotá;Ciencias;Pregrado;Hombres;2016-2;2211
Bogotá;Ciencias;Pregrado;Hombres;2017-1;2211
Bogotá;Ciencias;Pregrado;Hombres;2017-2;2231
Bogotá;Ciencias;Pregrado;Hombres;2018-1;2256
Bogotá;Ciencias;Pregrado;Hombres;2018-2;2276
Bogotá;Ciencias;Pregrado;Hombres;2019-1;2290
Bogotá;Ciencias;Pregrado;Hombres;2019-2;2315
Bogotá;Ciencias;Pregrado;Hombres;2020-1;2341
Bogotá;Ciencias;Pregrado;Hombres;2020-2;2392
Bogotá;Ciencias;Pregrado;Mujeres;2009-1;1168
Bogotá;Ciencias;Pregrado;Mujeres;2009-2;1168
Bogotá;Ciencias;Pregrado;Mujeres;2010-1;1105
Bogotá;Ciencias;Pregrado;Mujeres;2010-2;1178
Bogotá;Ciencias;Pregrado;Mujeres;2011-1;1159
Bogotá;Ciencias;Pregrado;Mujeres;2011-2;1175
Bogotá;Ciencias;Pregrado;Mujeres;2012-1;1215
Bogotá;Ciencias;Pregrado;Mujeres;2012-2;1192
Bogotá;Ciencias;Pregrado;Mujeres;2013-1;1183
Bogotá;Ciencias;Pregrado;Mujeres;2013-2;1187
Bogotá;Ciencias;Pregrado;Mujeres;2014-1;1175
Bogotá;Ciencias;Pregrado;Mujeres;2014-2;1185
Bogotá;Ciencias;Pregrado;Mujeres;2015-1;1174
Bogotá;Ciencias;Pregrado;Mujeres;2015-2;1219
Bogotá;Ciencias;Pregrado;Mujeres;2016-1;1215
Bogotá;Ciencias;Pregrado;Mujeres;2016-2;1248
Bogotá;Ciencias;Pregrado;Mujeres;2017-1;1241
Bogotá;Ciencias;Pregrado;Mujeres;2017-2;1235
Bogotá;Ciencias;Pregrado;Mujeres;2018-1;1219
Bogotá;Ciencias;Pregrado;Mujeres;2018-2;1213
Bogotá;Ciencias;Pregrado;Mujeres;2019-1;1194
Bogotá;Ciencias;Pregrado;Mujeres;2019-2;1216
Bogotá;Ciencias;Pregrado;Mujeres;2020-1;1219
Bogotá;Ciencias;Pregrado;Mujeres;2020-2;1264
Bogotá;Derecho, C. Políticas y Sociales;Posgrado;Hombres;2009-1;236
Bogotá;Derecho, C. Políticas y Sociales;Posgrado;Hombres;2009-2;273
Bogotá;Derecho, C. Políticas y Sociales;Posgrado;Hombres;2010-1;231
Bogotá;Derecho, C. Políticas y Sociales;Posgrado;Hombres;2010-2;267
Bogotá;Derecho, C. Políticas y Sociales;Posgrado;Hombres;2011-1;409
Bogotá;Derecho, C. Políticas y Sociales;Posgrado;Hombres;2011-2;503
Bogotá;Derecho, C. Políticas y Sociales;Posgrado;Hombres;2012-1;365
Bogotá;Derecho, C. Políticas y Sociales;Posgrado;Hombres;2012-2;390
Bogotá;Derecho, C. Políticas y Sociales;Posgrado;Hombres;2013-1;494
Bogotá;Derecho, C. Políticas y Sociales;Posgrado;Hombres;2013-2;523
Bogotá;Derecho, C. Políticas y Sociales;Posgrado;Hombres;2014-1;479
Bogotá;Derecho, C. Políticas y Sociales;Posgrado;Hombres;2014-2;414
Bogotá;Derecho, C. Políticas y Sociales;Posgrado;Hombres;2015-1;441
Bogotá;Derecho, C. Políticas y Sociales;Posgrado;Hombres;2015-2;429
Bogotá;Derecho, C. Políticas y Sociales;Posgrado;Hombres;2016-1;454
Bogotá;Derecho, C. Políticas y Sociales;Posgrado;Hombres;2016-2;472
Bogotá;Derecho, C. Políticas y Sociales;Posgrado;Hombres;2017-1;522
Bogotá;Derecho, C. Políticas y Sociales;Posgrado;Hombres;2017-2;522
Bogotá;Derecho, C. Políticas y Sociales;Posgrado;Hombres;2018-1;463
Bogotá;Derecho, C. Políticas y Sociales;Posgrado;Hombres;2018-2;419
Bogotá;Derecho, C. Políticas y Sociales;Posgrado;Hombres;2019-1;373
Bogotá;Derecho, C. Políticas y Sociales;Posgrado;Hombres;2019-2;386
Bogotá;Derecho, C. Políticas y Sociales;Posgrado;Hombres;2020-1;270
Bogotá;Derecho, C. Políticas y Sociales;Posgrado;Hombres;2020-2;369
Bogotá;Derecho, C. Políticas y Sociales;Posgrado;Mujeres;2009-1;206
Bogotá;Derecho, C. Políticas y Sociales;Posgrado;Mujeres;2009-2;268
Bogotá;Derecho, C. Políticas y Sociales;Posgrado;Mujeres;2010-1;213
Bogotá;Derecho, C. Políticas y Sociales;Posgrado;Mujeres;2010-2;245
Bogotá;Derecho, C. Políticas y Sociales;Posgrado;Mujeres;2011-1;324
Bogotá;Derecho, C. Políticas y Sociales;Posgrado;Mujeres;2011-2;502
Bogotá;Derecho, C. Políticas y Sociales;Posgrado;Mujeres;2012-1;403
Bogotá;Derecho, C. Políticas y Sociales;Posgrado;Mujeres;2012-2;388
Bogotá;Derecho, C. Políticas y Sociales;Posgrado;Mujeres;2013-1;472
Bogotá;Derecho, C. Políticas y Sociales;Posgrado;Mujeres;2013-2;579
Bogotá;Derecho, C. Políticas y Sociales;Posgrado;Mujeres;2014-1;500
Bogotá;Derecho, C. Políticas y Sociales;Posgrado;Mujeres;2014-2;464
Bogotá;Derecho, C. Políticas y Sociales;Posgrado;Mujeres;2015-1;471
Bogotá;Derecho, C. Políticas y Sociales;Posgrado;Mujeres;2015-2;474
Bogotá;Derecho, C. Políticas y Sociales;Posgrado;Mujeres;2016-1;504
Bogotá;Derecho, C. Políticas y Sociales;Posgrado;Mujeres;2016-2;467
Bogotá;Derecho, C. Políticas y Sociales;Posgrado;Mujeres;2017-1;524
Bogotá;Derecho, C. Políticas y Sociales;Posgrado;Mujeres;2017-2;536
Bogotá;Derecho, C. Políticas y Sociales;Posgrado;Mujeres;2018-1;512
Bogotá;Derecho, C. Políticas y Sociales;Posgrado;Mujeres;2018-2;490
Bogotá;Derecho, C. Políticas y Sociales;Posgrado;Mujeres;2019-1;398
Bogotá;Derecho, C. Políticas y Sociales;Posgrado;Mujeres;2019-2;420
Bogotá;Derecho, C. Políticas y Sociales;Posgrado;Mujeres;2020-1;271
Bogotá;Derecho, C. Políticas y Sociales;Posgrado;Mujeres;2020-2;397
Bogotá;Derecho, C. Políticas y Sociales;Pregrado;Hombres;2009-1;855
Bogotá;Derecho, C. Políticas y Sociales;Pregrado;Hombres;2009-2;866
Bogotá;Derecho, C. Políticas y Sociales;Pregrado;Hombres;2010-1;895
Bogotá;Derecho, C. Políticas y Sociales;Pregrado;Hombres;2010-2;872
Bogotá;Derecho, C. Políticas y Sociales;Pregrado;Hombres;2011-1;941
Bogotá;Derecho, C. Políticas y Sociales;Pregrado;Hombres;2011-2;931
Bogotá;Derecho, C. Políticas y Sociales;Pregrado;Hombres;2012-1;940
Bogotá;Derecho, C. Políticas y Sociales;Pregrado;Hombres;2012-2;948
Bogotá;Derecho, C. Políticas y Sociales;Pregrado;Hombres;2013-1;970
Bogotá;Derecho, C. Políticas y Sociales;Pregrado;Hombres;2013-2;970
Bogotá;Derecho, C. Políticas y Sociales;Pregrado;Hombres;2014-1;954
Bogotá;Derecho, C. Políticas y Sociales;Pregrado;Hombres;2014-2;988
Bogotá;Derecho, C. Políticas y Sociales;Pregrado;Hombres;2015-1;980
Bogotá;Derecho, C. Políticas y Sociales;Pregrado;Hombres;2015-2;970
Bogotá;Derecho, C. Políticas y Sociales;Pregrado;Hombres;2016-1;978
Bogotá;Derecho, C. Políticas y Sociales;Pregrado;Hombres;2016-2;960
Bogotá;Derecho, C. Políticas y Sociales;Pregrado;Hombres;2017-1;917
Bogotá;Derecho, C. Políticas y Sociales;Pregrado;Hombres;2017-2;974
Bogotá;Derecho, C. Políticas y Sociales;Pregrado;Hombres;2018-1;950
Bogotá;Derecho, C. Políticas y Sociales;Pregrado;Hombres;2018-2;942
Bogotá;Derecho, C. Políticas y Sociales;Pregrado;Hombres;2019-1;929
Bogotá;Derecho, C. Políticas y Sociales;Pregrado;Hombres;2019-2;943
Bogotá;Derecho, C. Políticas y Sociales;Pregrado;Hombres;2020-1;936
Bogotá;Derecho, C. Políticas y Sociales;Pregrado;Hombres;2020-2;913
Bogotá;Derecho, C. Políticas y Sociales;Pregrado;Mujeres;2009-1;468
Bogotá;Derecho, C. Políticas y Sociales;Pregrado;Mujeres;2009-2;486
Bogotá;Derecho, C. Políticas y Sociales;Pregrado;Mujeres;2010-1;480
Bogotá;Derecho, C. Políticas y Sociales;Pregrado;Mujeres;2010-2;462
Bogotá;Derecho, C. Políticas y Sociales;Pregrado;Mujeres;2011-1;463
Bogotá;Derecho, C. Políticas y Sociales;Pregrado;Mujeres;2011-2;445
Bogotá;Derecho, C. Políticas y Sociales;Pregrado;Mujeres;2012-1;469
Bogotá;Derecho, C. Políticas y Sociales;Pregrado;Mujeres;2012-2;473
Bogotá;Derecho, C. Políticas y Sociales;Pregrado;Mujeres;2013-1;484
Bogotá;Derecho, C. Políticas y Sociales;Pregrado;Mujeres;2013-2;463
Bogotá;Derecho, C. Políticas y Sociales;Pregrado;Mujeres;2014-1;482
Bogotá;Derecho, C. Políticas y Sociales;Pregrado;Mujeres;2014-2;487
Bogotá;Derecho, C. Políticas y Sociales;Pregrado;Mujeres;2015-1;483
Bogotá;Derecho, C. Políticas y Sociales;Pregrado;Mujeres;2015-2;468
Bogotá;Derecho, C. Políticas y Sociales;Pregrado;Mujeres;2016-1;492
Bogotá;Derecho, C. Políticas y Sociales;Pregrado;Mujeres;2016-2;516
Bogotá;Derecho, C. Políticas y Sociales;Pregrado;Mujeres;2017-1;525
Bogotá;Derecho, C. Políticas y Sociales;Pregrado;Mujeres;2017-2;519
Bogotá;Derecho, C. Políticas y Sociales;Pregrado;Mujeres;2018-1;523
Bogotá;Derecho, C. Políticas y Sociales;Pregrado;Mujeres;2018-2;519
Bogotá;Derecho, C. Políticas y Sociales;Pregrado;Mujeres;2019-1;545
Bogotá;Derecho, C. Políticas y Sociales;Pregrado;Mujeres;2019-2;566
Bogotá;Derecho, C. Políticas y Sociales;Pregrado;Mujeres;2020-1;569
Bogotá;Derecho, C. Políticas y Sociales;Pregrado;Mujeres;2020-2;591
Bogotá;Enfermería;Posgrado;Hombres;2009-1;34
Bogotá;Enfermería;Posgrado;Hombres;2009-2;29
Bogotá;Enfermería;Posgrado;Hombres;2010-1;31
Bogotá;Enfermería;Posgrado;Hombres;2010-2;27
Bogotá;Enfermería;Posgrado;Hombres;2011-1;42
Bogotá;Enfermería;Posgrado;Hombres;2011-2;39
Bogotá;Enfermería;Posgrado;Hombres;2012-1;42
Bogotá;Enfermería;Posgrado;Hombres;2012-2;35
Bogotá;Enfermería;Posgrado;Hombres;2013-1;38
Bogotá;Enfermería;Posgrado;Hombres;2013-2;38
Bogotá;Enfermería;Posgrado;Hombres;2014-1;41
Bogotá;Enfermería;Posgrado;Hombres;2014-2;32
Bogotá;Enfermería;Posgrado;Hombres;2015-1;35
Bogotá;Enfermería;Posgrado;Hombres;2015-2;30
Bogotá;Enfermería;Posgrado;Hombres;2016-1;45
Bogotá;Enfermería;Posgrado;Hombres;2016-2;38
Bogotá;Enfermería;Posgrado;Hombres;2017-1;36
Bogotá;Enfermería;Posgrado;Hombres;2017-2;32
Bogotá;Enfermería;Posgrado;Hombres;2018-1;43
Bogotá;Enfermería;Posgrado;Hombres;2018-2;38
Bogotá;Enfermería;Posgrado;Hombres;2019-1;40
Bogotá;Enfermería;Posgrado;Hombres;2019-2;32
Bogotá;Enfermería;Posgrado;Hombres;2020-1;28
Bogotá;Enfermería;Posgrado;Hombres;2020-2;23
Bogotá;Enfermería;Posgrado;Mujeres;2009-1;133
Bogotá;Enfermería;Posgrado;Mujeres;2009-2;133
Bogotá;Enfermería;Posgrado;Mujeres;2010-1;179
Bogotá;Enfermería;Posgrado;Mujeres;2010-2;134
Bogotá;Enfermería;Posgrado;Mujeres;2011-1;180
Bogotá;Enfermería;Posgrado;Mujeres;2011-2;156
Bogotá;Enfermería;Posgrado;Mujeres;2012-1;152
Bogotá;Enfermería;Posgrado;Mujeres;2012-2;129
Bogotá;Enfermería;Posgrado;Mujeres;2013-1;132
Bogotá;Enfermería;Posgrado;Mujeres;2013-2;94
Bogotá;Enfermería;Posgrado;Mujeres;2014-1;111
Bogotá;Enfermería;Posgrado;Mujeres;2014-2;103
Bogotá;Enfermería;Posgrado;Mujeres;2015-1;129
Bogotá;Enfermería;Posgrado;Mujeres;2015-2;112
Bogotá;Enfermería;Posgrado;Mujeres;2016-1;153
Bogotá;Enfermería;Posgrado;Mujeres;2016-2;139
Bogotá;Enfermería;Posgrado;Mujeres;2017-1;138
Bogotá;Enfermería;Posgrado;Mujeres;2017-2;119
Bogotá;Enfermería;Posgrado;Mujeres;2018-1;133
Bogotá;Enfermería;Posgrado;Mujeres;2018-2;140
Bogotá;Enfermería;Posgrado;Mujeres;2019-1;128
Bogotá;Enfermería;Posgrado;Mujeres;2019-2;117
Bogotá;Enfermería;Posgrado;Mujeres;2020-1;81
Bogotá;Enfermería;Posgrado;Mujeres;2020-2;79
Bogotá;Enfermería;Pregrado;Hombres;2009-1;171
Bogotá;Enfermería;Pregrado;Hombres;2009-2;162
Bogotá;Enfermería;Pregrado;Hombres;2010-1;162
Bogotá;Enfermería;Pregrado;Hombres;2010-2;173
Bogotá;Enfermería;Pregrado;Hombres;2011-1;170
Bogotá;Enfermería;Pregrado;Hombres;2011-2;183
Bogotá;Enfermería;Pregrado;Hombres;2012-1;190
Bogotá;Enfermería;Pregrado;Hombres;2012-2;179
Bogotá;Enfermería;Pregrado;Hombres;2013-1;180
Bogotá;Enfermería;Pregrado;Hombres;2013-2;187
Bogotá;Enfermería;Pregrado;Hombres;2014-1;185
Bogotá;Enfermería;Pregrado;Hombres;2014-2;206
Bogotá;Enfermería;Pregrado;Hombres;2015-1;201
Bogotá;Enfermería;Pregrado;Hombres;2015-2;211
Bogotá;Enfermería;Pregrado;Hombres;2016-1;207
Bogotá;Enfermería;Pregrado;Hombres;2016-2;212
Bogotá;Enfermería;Pregrado;Hombres;2017-1;202
Bogotá;Enfermería;Pregrado;Hombres;2017-2;216
Bogotá;Enfermería;Pregrado;Hombres;2018-1;251
Bogotá;Enfermería;Pregrado;Hombres;2018-2;255
Bogotá;Enfermería;Pregrado;Hombres;2019-1;254
Bogotá;Enfermería;Pregrado;Hombres;2019-2;265
Bogotá;Enfermería;Pregrado;Hombres;2020-1;269
Bogotá;Enfermería;Pregrado;Hombres;2020-2;260
Bogotá;Enfermería;Pregrado;Mujeres;2009-1;604
Bogotá;Enfermería;Pregrado;Mujeres;2009-2;582
Bogotá;Enfermería;Pregrado;Mujeres;2010-1;557
Bogotá;Enfermería;Pregrado;Mujeres;2010-2;513
Bogotá;Enfermería;Pregrado;Mujeres;2011-1;482
Bogotá;Enfermería;Pregrado;Mujeres;2011-2;464
Bogotá;Enfermería;Pregrado;Mujeres;2012-1;461
Bogotá;Enfermería;Pregrado;Mujeres;2012-2;430
Bogotá;Enfermería;Pregrado;Mujeres;2013-1;439
Bogotá;Enfermería;Pregrado;Mujeres;2013-2;434
Bogotá;Enfermería;Pregrado;Mujeres;2014-1;433
Bogotá;Enfermería;Pregrado;Mujeres;2014-2;452
Bogotá;Enfermería;Pregrado;Mujeres;2015-1;421
Bogotá;Enfermería;Pregrado;Mujeres;2015-2;393
Bogotá;Enfermería;Pregrado;Mujeres;2016-1;372
Bogotá;Enfermería;Pregrado;Mujeres;2016-2;364
Bogotá;Enfermería;Pregrado;Mujeres;2017-1;358
Bogotá;Enfermería;Pregrado;Mujeres;2017-2;359
Bogotá;Enfermería;Pregrado;Mujeres;2018-1;381
Bogotá;Enfermería;Pregrado;Mujeres;2018-2;397
Bogotá;Enfermería;Pregrado;Mujeres;2019-1;415
Bogotá;Enfermería;Pregrado;Mujeres;2019-2;432
Bogotá;Enfermería;Pregrado;Mujeres;2020-1;426
Bogotá;Enfermería;Pregrado;Mujeres;2020-2;441
Bogotá;Ingenieria;Posgrado;Hombres;2009-1;419
Bogotá;Ingenieria;Posgrado;Hombres;2009-2;469
Bogotá;Ingenieria;Posgrado;Hombres;2010-1;507
Bogotá;Ingenieria;Posgrado;Hombres;2010-2;552
Bogotá;Ingeniería;Posgrado;Hombres;2011-1;614
Bogotá;Ingeniería;Posgrado;Hombres;2011-2;623
Bogotá;Ingeniería;Posgrado;Hombres;2012-1;595
Bogotá;Ingeniería;Posgrado;Hombres;2012-2;641
Bogotá;Ingeniería;Posgrado;Hombres;2013-1;618
Bogotá;Ingeniería;Posgrado;Hombres;2013-2;656
Bogotá;Ingeniería;Posgrado;Hombres;2014-1;595
Bogotá;Ingeniería;Posgrado;Hombres;2014-2;693
Bogotá;Ingeniería;Posgrado;Hombres;2015-1;650
Bogotá;Ingeniería;Posgrado;Hombres;2015-2;707
Bogotá;Ingeniería;Posgrado;Hombres;2016-1;706
Bogotá;Ingeniería;Posgrado;Hombres;2016-2;761
Bogotá;Ingeniería;Posgrado;Hombres;2017-1;755
Bogotá;Ingeniería;Posgrado;Hombres;2017-2;792
Bogotá;Ingeniería;Posgrado;Hombres;2018-1;751
Bogotá;Ingeniería;Posgrado;Hombres;2018-2;781
Bogotá;Ingeniería;Posgrado;Hombres;2019-1;665
Bogotá;Ingeniería;Posgrado;Hombres;2019-2;716
Bogotá;Ingeniería;Posgrado;Hombres;2020-1;498
Bogotá;Ingeniería;Posgrado;Hombres;2020-2;534
Bogotá;Ingeniería;Posgrado;Mujeres;2009-1;135
Bogotá;Ingeniería;Posgrado;Mujeres;2009-2;153
Bogotá;Ingeniería;Posgrado;Mujeres;2010-1;159
Bogotá;Ingeniería;Posgrado;Mujeres;2010-2;198
Bogotá;Ingeniería;Posgrado;Mujeres;2011-1;211
Bogotá;Ingeniería;Posgrado;Mujeres;2011-2;219
Bogotá;Ingeniería;Posgrado;Mujeres;2012-1;219
Bogotá;Ingeniería;Posgrado;Mujeres;2012-2;221
Bogotá;Ingeniería;Posgrado;Mujeres;2013-1;214
Bogotá;Ingeniería;Posgrado;Mujeres;2013-2;210
Bogotá;Ingeniería;Posgrado;Mujeres;2014-1;186
Bogotá;Ingeniería;Posgrado;Mujeres;2014-2;223
Bogotá;Ingeniería;Posgrado;Mujeres;2015-1;209
Bogotá;Ingeniería;Posgrado;Mujeres;2015-2;208
Bogotá;Ingeniería;Posgrado;Mujeres;2016-1;230
Bogotá;Ingeniería;Posgrado;Mujeres;2016-2;250
Bogotá;Ingeniería;Posgrado;Mujeres;2017-1;247
Bogotá;Ingeniería;Posgrado;Mujeres;2017-2;261
Bogotá;Ingeniería;Posgrado;Mujeres;2018-1;238
Bogotá;Ingeniería;Posgrado;Mujeres;2018-2;245
Bogotá;Ingeniería;Posgrado;Mujeres;2019-1;197
Bogotá;Ingeniería;Posgrado;Mujeres;2019-2;206
Bogotá;Ingeniería;Posgrado;Mujeres;2020-1;164
Bogotá;Ingeniería;Posgrado;Mujeres;2020-2;172
Bogotá;Ingeniería;Pregrado;Hombres;2009-1;4271
Bogotá;Ingeniería;Pregrado;Hombres;2009-2;4300
Bogotá;Ingeniería;Pregrado;Hombres;2010-1;4453
Bogotá;Ingeniería;Pregrado;Hombres;2010-2;4536
Bogotá;Ingeniería;Pregrado;Hombres;2011-1;4729
Bogotá;Ingeniería;Pregrado;Hombres;2011-2;4792
Bogotá;Ingeniería;Pregrado;Hombres;2012-1;5001
Bogotá;Ingeniería;Pregrado;Hombres;2012-2;5142
Bogotá;Ingeniería;Pregrado;Hombres;2013-1;5347
Bogotá;Ingeniería;Pregrado;Hombres;2013-2;5350
Bogotá;Ingeniería;Pregrado;Hombres;2014-1;5363
Bogotá;Ingeniería;Pregrado;Hombres;2014-2;5386
Bogotá;Ingeniería;Pregrado;Hombres;2015-1;5318
Bogotá;Ingeniería;Pregrado;Hombres;2015-2;5284
Bogotá;Ingeniería;Pregrado;Hombres;2016-1;5257
Bogotá;Ingeniería;Pregrado;Hombres;2016-2;5245
Bogotá;Ingeniería;Pregrado;Hombres;2017-1;5202
Bogotá;Ingeniería;Pregrado;Hombres;2017-2;5249
Bogotá;Ingeniería;Pregrado;Hombres;2018-1;5201
Bogotá;Ingeniería;Pregrado;Hombres;2018-2;5276
Bogotá;Ingeniería;Pregrado;Hombres;2019-1;5242
Bogotá;Ingeniería;Pregrado;Hombres;2019-2;5327
Bogotá;Ingeniería;Pregrado;Hombres;2020-1;5406
Bogotá;Ingeniería;Pregrado;Hombres;2020-2;5471
Bogotá;Ingeniería;Pregrado;Mujeres;2009-1;1078
Bogotá;Ingeniería;Pregrado;Mujeres;2009-2;1080
Bogotá;Ingeniería;Pregrado;Mujeres;2010-1;1066
Bogotá;Ingeniería;Pregrado;Mujeres;2010-2;1075
Bogotá;Ingeniería;Pregrado;Mujeres;2011-1;1075
Bogotá;Ingeniería;Pregrado;Mujeres;2011-2;1122
Bogotá;Ingeniería;Pregrado;Mujeres;2012-1;1145
Bogotá;Ingeniería;Pregrado;Mujeres;2012-2;1154
Bogotá;Ingeniería;Pregrado;Mujeres;2013-1;1184
Bogotá;Ingeniería;Pregrado;Mujeres;2013-2;1137
Bogotá;Ingeniería;Pregrado;Mujeres;2014-1;1150
Bogotá;Ingeniería;Pregrado;Mujeres;2014-2;1161
Bogotá;Ingeniería;Pregrado;Mujeres;2015-1;1174
Bogotá;Ingeniería;Pregrado;Mujeres;2015-2;1201
Bogotá;Ingeniería;Pregrado;Mujeres;2016-1;1195
Bogotá;Ingeniería;Pregrado;Mujeres;2016-2;1209
Bogotá;Ingeniería;Pregrado;Mujeres;2017-1;1215
Bogotá;Ingeniería;Pregrado;Mujeres;2017-2;1205
Bogotá;Ingeniería;Pregrado;Mujeres;2018-1;1218
Bogotá;Ingeniería;Pregrado;Mujeres;2018-2;1219
Bogotá;Ingeniería;Pregrado;Mujeres;2019-1;1222
Bogotá;Ingeniería;Pregrado;Mujeres;2019-2;1271
Bogotá;Ingeniería;Pregrado;Mujeres;2020-1;1310
Bogotá;Ingeniería;Pregrado;Mujeres;2020-2;1351
Bogotá;Med. veterinaria y de Zootecnia;Posgrado;Hombres;2009-1;42
Bogotá;Med. veterinaria y de Zootecnia;Posgrado;Hombres;2009-2;40
Bogotá;Med. veterinaria y de Zootecnia;Posgrado;Hombres;2010-1;51
Bogotá;Med. veterinaria y de Zootecnia;Posgrado;Hombres;2010-2;52
Bogotá;Med. veterinaria y de Zootecnia;Posgrado;Hombres;2011-1;40
Bogotá;Med. veterinaria y de Zootecnia;Posgrado;Hombres;2011-2;50
Bogotá;Med. veterinaria y de Zootecnia;Posgrado;Hombres;2012-1;42
Bogotá;Med. veterinaria y de Zootecnia;Posgrado;Hombres;2012-2;42
Bogotá;Med. veterinaria y de Zootecnia;Posgrado;Hombres;2013-1;34
Bogotá;Med. veterinaria y de Zootecnia;Posgrado;Hombres;2013-2;31
Bogotá;Med. veterinaria y de Zootecnia;Posgrado;Hombres;2014-1;29
Bogotá;Med. veterinaria y de Zootecnia;Posgrado;Hombres;2014-2;36
Bogotá;Med. veterinaria y de Zootecnia;Posgrado;Hombres;2015-1;39
Bogotá;Med. veterinaria y de Zootecnia;Posgrado;Hombres;2015-2;40
Bogotá;Med. veterinaria y de Zootecnia;Posgrado;Hombres;2016-1;44
Bogotá;Med. veterinaria y de Zootecnia;Posgrado;Hombres;2016-2;36
Bogotá;Med. veterinaria y de Zootecnia;Posgrado;Hombres;2017-1;33
Bogotá;Med. veterinaria y de Zootecnia;Posgrado;Hombres;2017-2;30
Bogotá;Med. veterinaria y de Zootecnia;Posgrado;Hombres;2018-1;24
Bogotá;Med. veterinaria y de Zootecnia;Posgrado;Hombres;2018-2;22
Bogotá;Med. veterinaria y de Zootecnia;Posgrado;Hombres;2019-1;24
Bogotá;Med. veterinaria y de Zootecnia;Posgrado;Hombres;2019-2;20
Bogotá;Med. veterinaria y de Zootecnia;Posgrado;Hombres;2020-1;16
Bogotá;Med. veterinaria y de Zootecnia;Posgrado;Hombres;2020-2;12
Bogotá;Med. veterinaria y de Zootecnia;Posgrado;Mujeres;2009-1;35
Bogotá;Med. veterinaria y de Zootecnia;Posgrado;Mujeres;2009-2;31
Bogotá;Med. veterinaria y de Zootecnia;Posgrado;Mujeres;2010-1;32
Bogotá;Med. veterinaria y de Zootecnia;Posgrado;Mujeres;2010-2;29
Bogotá;Med. veterinaria y de Zootecnia;Posgrado;Mujeres;2011-1;34
Bogotá;Med. veterinaria y de Zootecnia;Posgrado;Mujeres;2011-2;36
Bogotá;Med. veterinaria y de Zootecnia;Posgrado;Mujeres;2012-1;30
Bogotá;Med. veterinaria y de Zootecnia;Posgrado;Mujeres;2012-2;30
Bogotá;Med. veterinaria y de Zootecnia;Posgrado;Mujeres;2013-1;26
Bogotá;Med. veterinaria y de Zootecnia;Posgrado;Mujeres;2013-2;25
Bogotá;Med. veterinaria y de Zootecnia;Posgrado;Mujeres;2014-1;19
Bogotá;Med. veterinaria y de Zootecnia;Posgrado;Mujeres;2014-2;30
Bogotá;Med. veterinaria y de Zootecnia;Posgrado;Mujeres;2015-1;34
Bogotá;Med. veterinaria y de Zootecnia;Posgrado;Mujeres;2015-2;30
Bogotá;Med. veterinaria y de Zootecnia;Posgrado;Mujeres;2016-1;27
Bogotá;Med. veterinaria y de Zootecnia;Posgrado;Mujeres;2016-2;20
Bogotá;Med. veterinaria y de Zootecnia;Posgrado;Mujeres;2017-1;23
Bogotá;Med. veterinaria y de Zootecnia;Posgrado;Mujeres;2017-2;20
Bogotá;Med. veterinaria y de Zootecnia;Posgrado;Mujeres;2018-1;14
Bogotá;Med. veterinaria y de Zootecnia;Posgrado;Mujeres;2018-2;11
Bogotá;Med. veterinaria y de Zootecnia;Posgrado;Mujeres;2019-1;20
Bogotá;Med. veterinaria y de Zootecnia;Posgrado;Mujeres;2019-2;21
Bogotá;Med. veterinaria y de Zootecnia;Posgrado;Mujeres;2020-1;16
Bogotá;Med. veterinaria y de Zootecnia;Posgrado;Mujeres;2020-2;16
Bogotá;Med. veterinaria y de Zootecnia;Pregrado;Hombres;2009-1;566
Bogotá;Med. veterinaria y de Zootecnia;Pregrado;Hombres;2009-2;557
Bogotá;Med. veterinaria y de Zootecnia;Pregrado;Hombres;2010-1;556
Bogotá;Med. veterinaria y de Zootecnia;Pregrado;Hombres;2010-2;554
Bogotá;Med. veterinaria y de Zootecnia;Pregrado;Hombres;2011-1;579
Bogotá;Med. veterinaria y de Zootecnia;Pregrado;Hombres;2011-2;556
Bogotá;Med. veterinaria y de Zootecnia;Pregrado;Hombres;2012-1;558
Bogotá;Med. veterinaria y de Zootecnia;Pregrado;Hombres;2012-2;553
Bogotá;Med. veterinaria y de Zootecnia;Pregrado;Hombres;2013-1;548
Bogotá;Med. veterinaria y de Zootecnia;Pregrado;Hombres;2013-2;542
Bogotá;Med. veterinaria y de Zootecnia;Pregrado;Hombres;2014-1;526
Bogotá;Med. veterinaria y de Zootecnia;Pregrado;Hombres;2014-2;518
Bogotá;Med. veterinaria y de Zootecnia;Pregrado;Hombres;2015-1;511
Bogotá;Med. veterinaria y de Zootecnia;Pregrado;Hombres;2015-2;489
Bogotá;Med. veterinaria y de Zootecnia;Pregrado;Hombres;2016-1;463
Bogotá;Med. veterinaria y de Zootecnia;Pregrado;Hombres;2016-2;463
Bogotá;Med. veterinaria y de Zootecnia;Pregrado;Hombres;2017-1;460
Bogotá;Med. veterinaria y de Zootecnia;Pregrado;Hombres;2017-2;460
Bogotá;Med. veterinaria y de Zootecnia;Pregrado;Hombres;2018-1;477
Bogotá;Med. veterinaria y de Zootecnia;Pregrado;Hombres;2018-2;463
Bogotá;Med. veterinaria y de Zootecnia;Pregrado;Hombres;2019-1;442
Bogotá;Med. veterinaria y de Zootecnia;Pregrado;Hombres;2019-2;444
Bogotá;Med. veterinaria y de Zootecnia;Pregrado;Hombres;2020-1;431
Bogotá;Med. veterinaria y de Zootecnia;Pregrado;Hombres;2020-2;413
Bogotá;Med. veterinaria y de Zootecnia;Pregrado;Mujeres;2009-1;427
Bogotá;Med. veterinaria y de Zootecnia;Pregrado;Mujeres;2009-2;423
Bogotá;Med. veterinaria y de Zootecnia;Pregrado;Mujeres;2010-1;431
Bogotá;Med. veterinaria y de Zootecnia;Pregrado;Mujeres;2010-2;431
Bogotá;Med. veterinaria y de Zootecnia;Pregrado;Mujeres;2011-1;441
Bogotá;Med. veterinaria y de Zootecnia;Pregrado;Mujeres;2011-2;422
Bogotá;Med. veterinaria y de Zootecnia;Pregrado;Mujeres;2012-1;418
Bogotá;Med. veterinaria y de Zootecnia;Pregrado;Mujeres;2012-2;428
Bogotá;Med. veterinaria y de Zootecnia;Pregrado;Mujeres;2013-1;438
Bogotá;Med. veterinaria y de Zootecnia;Pregrado;Mujeres;2013-2;425
Bogotá;Med. veterinaria y de Zootecnia;Pregrado;Mujeres;2014-1;429
Bogotá;Med. veterinaria y de Zootecnia;Pregrado;Mujeres;2014-2;437
Bogotá;Med. veterinaria y de Zootecnia;Pregrado;Mujeres;2015-1;431
Bogotá;Med. veterinaria y de Zootecnia;Pregrado;Mujeres;2015-2;436
Bogotá;Med. veterinaria y de Zootecnia;Pregrado;Mujeres;2016-1;452
Bogotá;Med. veterinaria y de Zootecnia;Pregrado;Mujeres;2016-2;470
Bogotá;Med. veterinaria y de Zootecnia;Pregrado;Mujeres;2017-1;493
Bogotá;Med. veterinaria y de Zootecnia;Pregrado;Mujeres;2017-2;512
Bogotá;Med. veterinaria y de Zootecnia;Pregrado;Mujeres;2018-1;518
Bogotá;Med. veterinaria y de Zootecnia;Pregrado;Mujeres;2018-2;539
Bogotá;Med. veterinaria y de Zootecnia;Pregrado;Mujeres;2019-1;532
Bogotá;Med. veterinaria y de Zootecnia;Pregrado;Mujeres;2019-2;547
Bogotá;Med. veterinaria y de Zootecnia;Pregrado;Mujeres;2020-1;563
Bogotá;Med. veterinaria y de Zootecnia;Pregrado;Mujeres;2020-2;545
Bogotá;Medicina;Posgrado;Hombres;2009-1;345
Bogotá;Medicina;Posgrado;Hombres;2009-2;173
Bogotá;Medicina;Posgrado;Hombres;2010-1;366
Bogotá;Medicina;Posgrado;Hombres;2010-2;184
Bogotá;Medicina;Posgrado;Hombres;2011-1;390
Bogotá;Medicina;Posgrado;Hombres;2011-2;183
Bogotá;Medicina;Posgrado;Hombres;2012-1;356
Bogotá;Medicina;Posgrado;Hombres;2012-2;166
Bogotá;Medicina;Posgrado;Hombres;2013-1;335
Bogotá;Medicina;Posgrado;Hombres;2013-2;166
Bogotá;Medicina;Posgrado;Hombres;2014-1;326
Bogotá;Medicina;Posgrado;Hombres;2014-2;165
Bogotá;Medicina;Posgrado;Hombres;2015-1;355
Bogotá;Medicina;Posgrado;Hombres;2015-2;180
Bogotá;Medicina;Posgrado;Hombres;2016-1;366
Bogotá;Medicina;Posgrado;Hombres;2016-2;160
Bogotá;Medicina;Posgrado;Hombres;2017-1;361
Bogotá;Medicina;Posgrado;Hombres;2017-2;160
Bogotá;Medicina;Posgrado;Hombres;2018-1;411
Bogotá;Medicina;Posgrado;Hombres;2018-2;415
Bogotá;Medicina;Posgrado;Hombres;2019-1;445
Bogotá;Medicina;Posgrado;Hombres;2019-2;421
Bogotá;Medicina;Posgrado;Hombres;2020-1;388
Bogotá;Medicina;Posgrado;Hombres;2020-2;415
Bogotá;Medicina;Posgrado;Mujeres;2009-1;340
Bogotá;Medicina;Posgrado;Mujeres;2009-2;229
Bogotá;Medicina;Posgrado;Mujeres;2010-1;395
Bogotá;Medicina;Posgrado;Mujeres;2010-2;256
Bogotá;Medicina;Posgrado;Mujeres;2011-1;403
Bogotá;Medicina;Posgrado;Mujeres;2011-2;276
Bogotá;Medicina;Posgrado;Mujeres;2012-1;426
Bogotá;Medicina;Posgrado;Mujeres;2012-2;295
Bogotá;Medicina;Posgrado;Mujeres;2013-1;447
Bogotá;Medicina;Posgrado;Mujeres;2013-2;285
Bogotá;Medicina;Posgrado;Mujeres;2014-1;443
Bogotá;Medicina;Posgrado;Mujeres;2014-2;290
Bogotá;Medicina;Posgrado;Mujeres;2015-1;480
Bogotá;Medicina;Posgrado;Mujeres;2015-2;314
Bogotá;Medicina;Posgrado;Mujeres;2016-1;481
Bogotá;Medicina;Posgrado;Mujeres;2016-2;308
Bogotá;Medicina;Posgrado;Mujeres;2017-1;488
Bogotá;Medicina;Posgrado;Mujeres;2017-2;310
Bogotá;Medicina;Posgrado;Mujeres;2018-1;480
Bogotá;Medicina;Posgrado;Mujeres;2018-2;465
Bogotá;Medicina;Posgrado;Mujeres;2019-1;469
Bogotá;Medicina;Posgrado;Mujeres;2019-2;460
Bogotá;Medicina;Posgrado;Mujeres;2020-1;475
Bogotá;Medicina;Posgrado;Mujeres;2020-2;460
Bogotá;Medicina;Pregrado;Hombres;2009-1;1000
Bogotá;Medicina;Pregrado;Hombres;2009-2;1023
Bogotá;Medicina;Pregrado;Hombres;2010-1;1056
Bogotá;Medicina;Pregrado;Hombres;2010-2;1061
Bogotá;Medicina;Pregrado;Hombres;2011-1;1084
Bogotá;Medicina;Pregrado;Hombres;2011-2;1065
Bogotá;Medicina;Pregrado;Hombres;2012-1;1015
Bogotá;Medicina;Pregrado;Hombres;2012-2;1012
Bogotá;Medicina;Pregrado;Hombres;2013-1;1101
Bogotá;Medicina;Pregrado;Hombres;2013-2;1092
Bogotá;Medicina;Pregrado;Hombres;2014-1;1127
Bogotá;Medicina;Pregrado;Hombres;2014-2;1140
Bogotá;Medicina;Pregrado;Hombres;2015-1;1161
Bogotá;Medicina;Pregrado;Hombres;2015-2;1175
Bogotá;Medicina;Pregrado;Hombres;2016-1;1192
Bogotá;Medicina;Pregrado;Hombres;2016-2;1202
Bogotá;Medicina;Pregrado;Hombres;2017-1;1211
Bogotá;Medicina;Pregrado;Hombres;2017-2;1210
Bogotá;Medicina;Pregrado;Hombres;2018-1;1229
Bogotá;Medicina;Pregrado;Hombres;2018-2;1230
Bogotá;Medicina;Pregrado;Hombres;2019-1;1250
Bogotá;Medicina;Pregrado;Hombres;2019-2;1276
Bogotá;Medicina;Pregrado;Hombres;2020-1;1297
Bogotá;Medicina;Pregrado;Hombres;2020-2;1279
Bogotá;Medicina;Pregrado;Mujeres;2009-1;1365
Bogotá;Medicina;Pregrado;Mujeres;2009-2;1348
Bogotá;Medicina;Pregrado;Mujeres;2010-1;1284
Bogotá;Medicina;Pregrado;Mujeres;2010-2;1298
Bogotá;Medicina;Pregrado;Mujeres;2011-1;1259
Bogotá;Medicina;Pregrado;Mujeres;2011-2;1229
Bogotá;Medicina;Pregrado;Mujeres;2012-1;1187
Bogotá;Medicina;Pregrado;Mujeres;2012-2;1153
Bogotá;Medicina;Pregrado;Mujeres;2013-1;1192
Bogotá;Medicina;Pregrado;Mujeres;2013-2;1152
Bogotá;Medicina;Pregrado;Mujeres;2014-1;1162
Bogotá;Medicina;Pregrado;Mujeres;2014-2;1154
Bogotá;Medicina;Pregrado;Mujeres;2015-1;1160
Bogotá;Medicina;Pregrado;Mujeres;2015-2;1128
Bogotá;Medicina;Pregrado;Mujeres;2016-1;1149
Bogotá;Medicina;Pregrado;Mujeres;2016-2;1144
Bogotá;Medicina;Pregrado;Mujeres;2017-1;1175
Bogotá;Medicina;Pregrado;Mujeres;2017-2;1188
Bogotá;Medicina;Pregrado;Mujeres;2018-1;1249
Bogotá;Medicina;Pregrado;Mujeres;2018-2;1234
Bogotá;Medicina;Pregrado;Mujeres;2019-1;1295
Bogotá;Medicina;Pregrado;Mujeres;2019-2;1301
Bogotá;Medicina;Pregrado;Mujeres;2020-1;1346
Bogotá;Medicina;Pregrado;Mujeres;2020-2;1315
Bogotá;Odontologia;Posgrado;Hombres;2009-1;15
Bogotá;Odontologia;Posgrado;Hombres;2009-2;11
Bogotá;Odontologia;Posgrado;Hombres;2010-1;23
Bogotá;Odontologia;Posgrado;Hombres;2010-2;23
Bogotá;Odontología;Posgrado;Hombres;2011-1;29
Bogotá;Odontología;Posgrado;Hombres;2011-2;26
Bogotá;Odontología;Posgrado;Hombres;2012-1;32
Bogotá;Odontología;Posgrado;Hombres;2012-2;27
Bogotá;Odontología;Posgrado;Hombres;2013-1;29
Bogotá;Odontología;Posgrado;Hombres;2013-2;29
Bogotá;Odontología;Posgrado;Hombres;2014-1;35
Bogotá;Odontología;Posgrado;Hombres;2014-2;31
Bogotá;Odontología;Posgrado;Hombres;2015-1;36
Bogotá;Odontología;Posgrado;Hombres;2015-2;35
Bogotá;Odontología;Posgrado;Hombres;2016-1;45
Bogotá;Odontología;Posgrado;Hombres;2016-2;44
Bogotá;Odontología;Posgrado;Hombres;2017-1;43
Bogotá;Odontología;Posgrado;Hombres;2017-2;32
Bogotá;Odontología;Posgrado;Hombres;2018-1;33
Bogotá;Odontología;Posgrado;Hombres;2018-2;30
Bogotá;Odontología;Posgrado;Hombres;2019-1;36
Bogotá;Odontología;Posgrado;Hombres;2019-2;29
Bogotá;Odontología;Posgrado;Hombres;2020-1;38
Bogotá;Odontología;Posgrado;Hombres;2020-2;29
Bogotá;Odontología;Posgrado;Mujeres;2009-1;41
Bogotá;Odontología;Posgrado;Mujeres;2009-2;36
Bogotá;Odontología;Posgrado;Mujeres;2010-1;61
Bogotá;Odontología;Posgrado;Mujeres;2010-2;63
Bogotá;Odontología;Posgrado;Mujeres;2011-1;72
Bogotá;Odontología;Posgrado;Mujeres;2011-2;69
Bogotá;Odontología;Posgrado;Mujeres;2012-1;75
Bogotá;Odontología;Posgrado;Mujeres;2012-2;71
Bogotá;Odontología;Posgrado;Mujeres;2013-1;75
Bogotá;Odontología;Posgrado;Mujeres;2013-2;71
Bogotá;Odontología;Posgrado;Mujeres;2014-1;67
Bogotá;Odontología;Posgrado;Mujeres;2014-2;66
Bogotá;Odontología;Posgrado;Mujeres;2015-1;71
Bogotá;Odontología;Posgrado;Mujeres;2015-2;65
Bogotá;Odontología;Posgrado;Mujeres;2016-1;79
Bogotá;Odontología;Posgrado;Mujeres;2016-2;74
Bogotá;Odontología;Posgrado;Mujeres;2017-1;70
Bogotá;Odontología;Posgrado;Mujeres;2017-2;65
Bogotá;Odontología;Posgrado;Mujeres;2018-1;78
Bogotá;Odontología;Posgrado;Mujeres;2018-2;70
Bogotá;Odontología;Posgrado;Mujeres;2019-1;77
Bogotá;Odontología;Posgrado;Mujeres;2019-2;71
Bogotá;Odontología;Posgrado;Mujeres;2020-1;78
Bogotá;Odontología;Posgrado;Mujeres;2020-2;62
Bogotá;Odontología;Pregrado;Hombres;2009-1;167
Bogotá;Odontología;Pregrado;Hombres;2009-2;165
Bogotá;Odontología;Pregrado;Hombres;2010-1;175
Bogotá;Odontología;Pregrado;Hombres;2010-2;168
Bogotá;Odontología;Pregrado;Hombres;2011-1;180
Bogotá;Odontología;Pregrado;Hombres;2011-2;186
Bogotá;Odontología;Pregrado;Hombres;2012-1;193
Bogotá;Odontología;Pregrado;Hombres;2012-2;205
Bogotá;Odontología;Pregrado;Hombres;2013-1;204
Bogotá;Odontología;Pregrado;Hombres;2013-2;205
Bogotá;Odontología;Pregrado;Hombres;2014-1;213
Bogotá;Odontología;Pregrado;Hombres;2014-2;210
Bogotá;Odontología;Pregrado;Hombres;2015-1;219
Bogotá;Odontología;Pregrado;Hombres;2015-2;220
Bogotá;Odontología;Pregrado;Hombres;2016-1;213
Bogotá;Odontología;Pregrado;Hombres;2016-2;218
Bogotá;Odontología;Pregrado;Hombres;2017-1;210
Bogotá;Odontología;Pregrado;Hombres;2017-2;221
Bogotá;Odontología;Pregrado;Hombres;2018-1;224
Bogotá;Odontología;Pregrado;Hombres;2018-2;220
Bogotá;Odontología;Pregrado;Hombres;2019-1;230
Bogotá;Odontología;Pregrado;Hombres;2019-2;234
Bogotá;Odontología;Pregrado;Hombres;2020-1;253
Bogotá;Odontología;Pregrado;Hombres;2020-2;248
Bogotá;Odontología;Pregrado;Mujeres;2009-1;355
Bogotá;Odontología;Pregrado;Mujeres;2009-2;355
Bogotá;Odontología;Pregrado;Mujeres;2010-1;368
Bogotá;Odontología;Pregrado;Mujeres;2010-2;343
Bogotá;Odontología;Pregrado;Mujeres;2011-1;349
Bogotá;Odontología;Pregrado;Mujeres;2011-2;360
Bogotá;Odontología;Pregrado;Mujeres;2012-1;372
Bogotá;Odontología;Pregrado;Mujeres;2012-2;370
Bogotá;Odontología;Pregrado;Mujeres;2013-1;365
Bogotá;Odontología;Pregrado;Mujeres;2013-2;354
Bogotá;Odontología;Pregrado;Mujeres;2014-1;342
Bogotá;Odontología;Pregrado;Mujeres;2014-2;330
Bogotá;Odontología;Pregrado;Mujeres;2015-1;331
Bogotá;Odontología;Pregrado;Mujeres;2015-2;321
Bogotá;Odontología;Pregrado;Mujeres;2016-1;305
Bogotá;Odontología;Pregrado;Mujeres;2016-2;311
Bogotá;Odontología;Pregrado;Mujeres;2017-1;311
Bogotá;Odontología;Pregrado;Mujeres;2017-2;303
Bogotá;Odontología;Pregrado;Mujeres;2018-1;298
Bogotá;Odontología;Pregrado;Mujeres;2018-2;295
Bogotá;Odontología;Pregrado;Mujeres;2019-1;298
Bogotá;Odontología;Pregrado;Mujeres;2019-2;301
Bogotá;Odontología;Pregrado;Mujeres;2020-1;314
Bogotá;Odontología;Pregrado;Mujeres;2020-2;332
